#,Monnaie,Cours,1 h,24 h,7 j,30 j,Volume sur 24 h,Offre en circulation,Offre totale,Capitalisation du marché
1,"Bitcoin
BTC","$26 152,25",0.1%,0.6%,1.5%,-2.6%,$10 696 121 689,19 401 050,21 million,$507 514 041 019
2,"Ethereum
ETH","$1 749,75",0.1%,-0.2%,-3.7%,-3.0%,$6 082 510 097,120 226 967,120 million,$210 412 221 311
3,"Tether
USDT","$1,00",-0.0%,0.0%,-0.0%,-0.0%,$18 157 604 593,83 366 513 300,"83,4 milliard",$83 372 987 553
4,"BNB
BNB","$236,41",-0.2%,-0.5%,-15.2%,-24.3%,$1 089 610 593,155 855 196,158 million,$36 857 959 326
5,"USD Coin
USDC","$1,00",0.1%,0.1%,0.1%,0.1%,$3 141 787 377,28 290 016 363,"28,3 milliard",$28 306 592 032
6,"XRP
XRP","$0,531270",0.3%,1.6%,3.8%,24.3%,$1 385 332 149,51 987 017 573,100 milliard,$27 607 416 413
7,"Lido Staked Ether
STETH","$1 748,42",0.1%,-0.2%,-3.7%,-3.0%,$18 796 045,7 190 740,"7,19 million",$12 573 560 700
8,"Cardano
ADA","$0,281183",-0.1%,-1.6%,-20.7%,-23.5%,$326 533 598,35 045 020 830,45 milliard,$9 857 710 141
9,"Dogecoin
DOGE","$0,061868999900",-0.0%,0.2%,-7.2%,-14.2%,$222 434 483,139 748 976 384,140 milliard,$8 649 833 245
10,"TRON
TRX","$0,071820920177",0.0%,2.0%,-9.2%,3.4%,$281 354 285,90 096 737 528,"90,1 milliard",$6 473 822 086
11,"Solana
SOL","$15,46",0.4%,-0.6%,-23.0%,-26.7%,$373 818 939,398 977 679,550 million,$6 171 748 161
12,"Polygon
MATIC","$0,647205",0.2%,-0.2%,-21.9%,-24.4%,$345 545 099,9 289 469 069,10 milliard,$6 010 981 992
13,"Polkadot
DOT","$4,63",0.1%,2.1%,-8.8%,-13.7%,$111 731 962,1 242 350 348,"1,32 milliard",$5 758 607 055
14,"Litecoin
LTC","$78,45",-0.2%,0.9%,-10.7%,-3.1%,$390 810 448,73 134 946,84 million,$5 738 646 684
15,"Binance USD
BUSD","$1,00",0.0%,0.1%,0.1%,-0.0%,$1 935 686 082,4 621 559 411,"4,62 milliard",$4 624 118 193
16,"Dai
DAI","$0,999858",0.1%,0.0%,0.1%,-0.1%,$125 563 909,4 511 170 467,"4,51 milliard",$4 510 528 736
17,"Wrapped Bitcoin
WBTC","$26 141,44",0.2%,0.4%,1.4%,-2.8%,$127 000 658,156 748,157 millier,$4 097 917 418
18,"Avalanche
AVAX","$11,78",0.1%,2.1%,-16.4%,-21.5%,$133 234 911,344 911 485,432 million,$4 064 812 113
19,"Shiba Inu
SHIB","$0,000006773579",0.5%,1.8%,-15.8%,-23.5%,$92 867 392,589 340 167 076 608,1 million de milliards,$3 992 123 117
20,"LEO Token
LEO","$3,52",0.6%,0.5%,0.0%,-1.8%,$526 660,930 121 547,985 million,$3 279 721 540
21,"Uniswap
UNI","$4,34",0.4%,4.2%,-8.8%,-15.7%,$61 583 653,753 766 667,1 milliard,$3 270 032 803
22,"Chainlink
LINK","$5,24",0.2%,1.2%,-14.5%,-19.8%,$119 140 712,517 099 971,1 milliard,$2 709 762 390
23,"Cosmos Hub
ATOM","$8,73",0.1%,0.6%,-12.5%,-20.4%,$88 367 965,292 586 164,∞,$2 557 188 083
24,"Monero
XMR","$139,63",0.0%,0.3%,-1.9%,-8.8%,$101 664 698,18 147 820,∞,$2 535 311 683
25,"OKB
OKB","$40,13",0.2%,1.6%,-10.4%,-10.6%,$5 953 709,60 000 000,236 million,$2 407 844 019
26,"Toncoin
TON","$1,52",0.2%,1.1%,-8.8%,-19.7%,$3 685 509,1 473 591 411,"5,06 milliard",$2 244 021 982
27,"Stellar
XLM","$0,083118185316",0.0%,-0.3%,-5.3%,-6.4%,$42 650 633,26 888 617 149,50 milliard,$2 235 459 477
28,"Ethereum Classic
ETC","$15,28",0.0%,1.0%,-11.0%,-16.0%,$76 387 886,141 445 634,211 million,$2 162 502 535
29,"Bitcoin Cash
BCH","$104,98",0.1%,1.7%,-4.0%,-7.9%,$50 690 084,19 418 300,21 million,$2 039 782 951
30,"TrueUSD
TUSD","$0,998808",0.1%,-0.0%,-0.1%,-0.1%,$1 596 839 708,2 041 446 767,"2,04 milliard",$2 039 179 650
31,"Internet Computer
ICP","$3,77",-0.7%,2.9%,-13.0%,-26.8%,$19 811 821,436 525 765,499 million,$1 647 622 401
32,"Lido DAO
LDO","$1,81",-0.2%,-2.5%,-19.0%,-6.1%,$36 714 593,879 591 496,1 milliard,$1 589 154 381
33,"Filecoin
FIL","$3,63",-0.2%,5.3%,-14.3%,-17.8%,$133 842 133,429 115 949,"1,96 milliard",$1 560 688 652
34,"Quant
QNT","$101,90",-0.5%,0.9%,-8.3%,-4.5%,$23 552 149,14 544 176,"14,6 million",$1 482 567 062
35,"Hedera
HBAR","$0,046346590088",0.1%,3.7%,-5.8%,-11.2%,$22 970 697,31 627 399 939,50 milliard,$1 465 714 273
36,"Cronos
CRO","$0,053536947650",-0.0%,-2.5%,-8.3%,-15.0%,$5 470 775,26 106 589 245,30 milliard,$1 398 111 359
37,"Aptos
APT","$6,35",-0.1%,-0.4%,-21.2%,-24.1%,$75 597 957,205 713 249,"1,04 milliard",$1 306 837 449
38,"Arbitrum
ARB","$1,01",-0.2%,1.8%,-11.6%,-14.2%,$199 782 599,1 275 000 000,10 milliard,$1 284 924 347
39,"VeChain
VET","$0,016254051874",0.1%,1.9%,-12.4%,-15.7%,$38 957 226,72 714 516 834,86 milliard,$1 182 919 933
40,"NEAR Protocol
NEAR","$1,22",-0.2%,0.3%,-19.2%,-27.1%,$55 569 611,916 000 354,1 milliard,$1 112 969 137
41,"Pax Dollar
USDP","$1,00",0.1%,0.2%,0.1%,0.1%,$4 967 129,1 006 573 588,"1,01 milliard",$1 007 079 548
42,"Frax
FRAX","$0,999483",0.1%,-0.0%,0.2%,-0.2%,$11 861 648,1 004 141 409,1 milliard,$1 003 708 905
43,"The Graph
GRT","$0,099953217404",0.1%,-0.4%,-14.5%,-14.7%,$34 751 191,9 009 591 852,10 milliard,$901 205 899
44,"ApeCoin
APE","$2,27",0.5%,-1.8%,-26.2%,-30.9%,$106 087 941,368 593 750,1 milliard,$837 585 648
45,"Algorand
ALGO","$0,115257",-0.2%,2.8%,-16.3%,-30.1%,$41 261 692,7 249 366 185,"7,63 milliard",$835 991 047
46,"Rocket Pool ETH
RETH","$1 878,93",0.0%,-0.2%,-3.6%,-2.8%,$2 875 562,441 172,441 millier,$828 998 288
47,"Rocket Pool
RPL","$41,39",0.1%,1.2%,-12.3%,-17.1%,$5 153 664,19 474 470,"19,5 million",$805 833 354
48,"MultiversX
EGLD","$31,01",-0.0%,2.9%,-15.3%,-19.7%,$14 335 994,25 551 072,"25,6 million",$793 824 530
49,"Aave
AAVE","$54,65",0.2%,3.0%,-9.4%,-12.6%,$43 242 616,14 426 048,16 million,$788 055 993
50,"EOS
EOS","$0,684229",-0.0%,0.2%,-19.3%,-21.9%,$98 250 377,1 108 998 347,∞,$759 384 413
51,"Stacks
STX","$0,548593",-0.2%,4.2%,-0.5%,-13.0%,$32 992 067,1 384 048 265,"1,82 milliard",$758 428 703
52,"Optimism
OP","$1,15",0.0%,1.0%,-18.6%,-30.1%,$104 035 091,644 594 782,"4,29 milliard",$742 424 108
53,"Fantom
FTM","$0,262961",0.6%,6.9%,-10.4%,-29.1%,$131 849 889,2 793 649 313,"3,18 milliard",$735 082 328
54,"USDD
USDD","$0,998252",-0.0%,-0.1%,-0.1%,-0.1%,$13 644 165,733 660 399,∞,$732 476 718
55,"The Sandbox
SAND","$0,394178",-0.1%,0.9%,-24.0%,-21.7%,$84 012 423,1 853 581 926,3 milliard,$730 983 310
56,"Render
RNDR","$1,98",-0.2%,1.0%,-17.4%,8.0%,$58 968 328,366 386 312,531 million,$724 750 206
57,"Tezos
XTZ","$0,732399",-0.4%,2.1%,-14.2%,-17.4%,$15 663 747,933 311 128,∞,$683 836 313
58,"WhiteBIT Token
WBT","$4,69",0.0%,0.6%,-1.6%,1.2%,$4 515 886,144 118 517,372 million,$675 779 408
59,"Bitget Token
BGB","$0,473120",-0.1%,-1.0%,-0.1%,0.5%,$16 734 475,1 400 001 000,2 milliard,$662 793 981
60,"Theta Network
THETA","$0,657502",-0.3%,1.0%,-16.2%,-27.4%,$8 723 503,1 000 000 000,1 milliard,$658 083 844
61,"Decentraland
MANA","$0,348746",0.1%,1.0%,-23.8%,-23.7%,$45 316 568,1 824 339 991,"2,19 milliard",$636 522 626
62,"ImmutableX
IMX","$0,631588",-0.4%,3.2%,-13.9%,-16.5%,$16 554 278,998 882 827,2 milliard,$631 424 405
63,"BitDAO
BIT","$0,429674",-0.0%,1.5%,-11.4%,-11.4%,$2 801 121,1 453 909 315,"9,61 milliard",$624 760 320
64,"Radix
XRD","$0,061103666719",-0.2%,-0.2%,-7.2%,-15.3%,$2 245 103,10 190 256 525,"12,6 milliard",$622 838 090
65,"KuCoin
KCS","$6,13",0.0%,2.9%,-13.8%,-20.0%,$1 443 524,96 833 502,144 million,$593 411 115
66,"Axie Infinity
AXS","$5,06",0.1%,1.9%,-23.7%,-25.1%,$46 746 814,115 661 359,270 million,$586 404 681
67,"Synthetix Network
SNX","$1,83",0.4%,-2.8%,-19.2%,-9.7%,$27 174 236,318 877 448,320 million,$584 393 652
68,"Maker
MKR","$639,94",-0.0%,3.5%,-0.4%,1.8%,$15 660 791,901 311,978 millier,$577 139 315
69,"Gate
GT","$4,10",-0.0%,1.7%,2.1%,-16.7%,$468 683,139 018 905,300 million,$569 861 857
70,"Gemini Dollar
GUSD","$1,00",0.1%,0.1%,0.1%,0.1%,$3 212 019,568 678 602,569 million,$569 520 808
71,"Terra
LUNC","$0,000097205391",-1.0%,11.0%,10.1%,7.5%,$63 418 724,5 841 607 920 478,"6,85 billion",$567 697 276
72,"NEO
NEO","$7,92",-0.1%,2.3%,-15.8%,-12.6%,$22 529 753,70 530 000,100 million,$558 948 332
73,"Curve DAO
CRV","$0,654623",0.7%,-0.5%,-15.9%,-18.7%,$51 286 809,852 188 484,"1,96 milliard",$558 199 949
74,"GALA
GALA","$0,022301912412",0.1%,2.3%,-17.1%,-25.2%,$56 819 808,24 054 153 829,"24,1 milliard",$537 365 767
75,"Flow
FLOW","$0,501607",-0.0%,-0.0%,-24.7%,-33.4%,$21 950 830,1 036 200 000,"1,44 milliard",$519 902 090
76,"BitTorrent
BTT","$0,000000536252",-0.5%,-0.1%,-0.7%,-10.6%,$13 340 394,951 421 714 286 000,990 billion,$510 505 495
77,"PAX Gold
PAXG","$1 933,85",-0.1%,0.4%,0.2%,-4.2%,$8 074 731,257 858,258 millier,$498 906 247
78,"Bitcoin SV
BSV","$25,63",-0.0%,1.1%,-16.0%,-28.6%,$14 097 480,19 266 077,21 million,$493 717 445
79,"Tether Gold
XAUT","$1 962,20",-0.1%,-0.2%,0.1%,-2.5%,$7 180 960,246 524,247 millier,$483 808 337
80,"Klaytn
KLAY","$0,154529",0.7%,1.0%,-12.0%,-16.4%,$13 744 982,3 100 989 406,∞,$479 170 183
81,"Injective
INJ","$5,89",0.3%,0.2%,-17.8%,-3.0%,$33 433 649,80 005 555,100 million,$471 031 718
82,"Kava
KAVA","$0,804692",0.4%,-0.3%,-28.3%,-17.7%,$15 645 928,568 769 960,569 million,$457 962 252
83,"XDC Network
XDC","$0,032925518671",0.2%,-2.4%,1.1%,-2.1%,$3 035 095,13 842 557 933,"37,8 milliard",$455 884 251
84,"Tokenize Xchange
TKX","$5,68",-0.1%,0.8%,-7.8%,-10.9%,$8 319 418,79 996 000,100 million,$454 619 403
85,"Casper Network
CSPR","$0,039624281310",-0.2%,-5.3%,-6.7%,-21.1%,$4 022 756,11 098 738 889,"11,8 milliard",$440 079 941
86,"IOTA
MIOTA","$0,158193",0.1%,0.0%,-12.6%,-10.9%,$8 537 784,2 779 530 283,"2,78 milliard",$439 809 651
87,"cETH
CETH","$35,13",-0.2%,0.0%,-3.7%,-3.1%,"$47,98",12 429 166,"12,4 million",$436 606 627
88,"Huobi
HT","$2,64",-0.3%,1.0%,-8.0%,-11.7%,$20 634 275,162 336 522,204 million,$429 455 429
89,"cUSDC
CUSDC","$0,022886973795",-0.0%,-0.1%,0.1%,0.2%,"$2,90",18 138 499 918,"18,1 milliard",$415 135 372
90,"GMX
GMX","$46,03",0.5%,6.3%,-12.6%,-25.2%,$20 293 296,8 785 018,"8,79 million",$405 135 164
91,"eCash
XEC","$0,000020467811",0.0%,0.3%,-11.8%,-26.3%,$2 111 783,19 413 673 423 293,21 billion,$395 975 319
92,"Frax Ether
FRXETH","$1 747,23",0.0%,-0.2%,-3.8%,-3.1%,$4 772 442,225 354,225 millier,$394 111 993
93,"Conflux
CFX","$0,187573",-0.6%,1.4%,-18.4%,-26.4%,$49 720 181,2 097 547 687,"5,28 milliard",$393 700 680
94,"Pepe
PEPE","$0,000000927482",0.2%,-0.7%,-8.1%,-51.0%,$84 755 200,420 690 000 000 000,421 billion,$390 686 407
95,"Mina Protocol
MINA","$0,415709",-0.2%,-0.3%,-17.3%,-26.1%,$16 219 004,916 623 198,"1,04 milliard",$381 366 960
96,"Sui
SUI","$0,717455",0.4%,7.0%,-11.6%,-36.5%,$322 139 081,528 273 718,10 milliard,$379 066 880
97,"Frax Share
FXS","$5,08",0.6%,0.9%,-18.6%,-23.4%,$9 362 279,72 395 009,"99,7 million",$367 844 266
98,"Chiliz
CHZ","$0,068014878504",-0.1%,0.2%,-28.0%,-36.5%,$34 068 707,5 344 064 580,"8,89 milliard",$363 858 002
99,"NEXO
NEXO","$0,621342",-0.2%,0.5%,-3.1%,-6.4%,$4 178 880,560 000 010,1 milliard,$348 309 319
100,"Arweave
AR","$5,18",-0.0%,0.7%,-17.5%,-20.8%,$6 900 138,65 454 186,"65,5 million",$340 088 905
101,"Nexus Mutual
NXM","$49,59",-0.0%,-0.1%,-3.5%,-1.2%,"$13 520,53",6 759 350,"6,76 million",$335 175 415
102,"tomiNet
TOMI","$5,02",-0.9%,-0.5%,-9.5%,39.9%,$30 278 370,66 146 338,113 million,$331 740 293
103,"Dash
DASH","$29,18",0.2%,0.8%,-25.4%,-28.3%,$38 408 416,11 320 443,"18,9 million",$330 487 531
104,"Trust Wallet
TWT","$0,754356",0.2%,2.3%,-21.9%,-32.6%,$15 900 458,416 649 900,1 milliard,$314 235 170
105,"Mask Network
MASK","$3,67",-0.2%,0.6%,-9.8%,-3.1%,$37 470 425,82 112 500,100 million,$301 226 741
106,"Kaspa
KAS","$0,016453622772",0.4%,7.4%,16.4%,-20.6%,$7 553 959,17 982 152 269,18 milliard,$296 050 841
107,"Zilliqa
ZIL","$0,017679962205",-0.1%,0.9%,-17.5%,-25.3%,$18 659 482,16 592 964 730,"17,6 milliard",$293 604 686
108,"WOO Network
WOO","$0,170128",0.1%,-3.9%,-21.0%,-24.6%,$14 233 910,1 706 191 318,"2,25 milliard",$290 392 387
109,"PancakeSwap
CAKE","$1,38",-0.3%,0.3%,-12.3%,-25.3%,$33 113 856,203 991 273,387 million,$282 561 206
110,"Osmosis
OSMO","$0,472722",0.0%,-0.4%,-12.3%,-25.6%,$7 445 257,596 144 244,325 million,$282 033 937
111,"Gnosis
GNO","$108,84",0.4%,-1.3%,-2.6%,-3.6%,$1 562 126,2 589 589,3 million,$281 995 026
112,"Liquity USD
LUSD","$1,01",0.4%,0.2%,0.4%,-0.1%,$8 705 249,279 630 098,280 million,$281 975 705
113,"SafeMoon [OLD]
SAFEMOON","$0,000000004888",-0.6%,2.1%,-15.2%,-24.0%,"$4,92",0,1 million de milliards,$277 800 683
114,"CyberHarbor
CHT","$8,36",0.1%,0.5%,91.0%,289.5%,$585 364,32 837 002,1 milliard,$274 661 342
115,"Flare
FLR","$0,016380018929",0.2%,-3.2%,-22.1%,-41.5%,$5 190 052,16 611 752 797,101 milliard,$272 089 795
116,"MX
MX","$2,72",0.3%,0.9%,-13.7%,-1.2%,$600 560,100 000 000,∞,$271 731 058
117,"Convex Finance
CVX","$3,48",0.2%,0.3%,-11.1%,-24.4%,$2 614 569,77 997 717,"98,4 million",$271 287 002
118,"Loopring
LRC","$0,215901",-0.1%,1.4%,-16.7%,-24.6%,$15 407 679,1 245 991 469,"1,37 milliard",$269 022 461
119,"cDAI
CDAI","$0,022271962726",0.2%,-0.1%,0.1%,0.0%,"$372,91",11 767 340 081,"11,8 milliard",$262 081 760
120,"dYdX
DYDX","$1,62",-0.3%,3.6%,-17.7%,-24.5%,$51 411 673,161 686 159,1 milliard,$261 894 688
121,"THORChain
RUNE","$0,868397",0.6%,-1.9%,-20.1%,-27.0%,$35 962 870,300 700 561,500 million,$261 202 008
122,"Staked Frax Ether
SFRXETH","$1 823,55",-0.0%,-0.3%,-3.8%,-2.5%,$1 434 313,142 670,143 millier,$260 187 472
123,"Enjin Coin
ENJ","$0,259741",-0.1%,2.0%,-18.6%,-22.6%,$12 523 186,1 000 000 000,1 milliard,$259 914 636
124,"1inch
1INCH","$0,272876",0.2%,-0.7%,-16.2%,-33.8%,$14 314 624,950 492 440,"1,5 milliard",$259 393 542
125,"Beldex
BDX","$0,048413782270",0.1%,2.7%,9.9%,9.8%,$4 459 644,5 328 879 147,"9,92 milliard",$257 838 356
126,"OKT Chain
OKT","$14,41",-0.0%,0.1%,-10.4%,-15.8%,$278 297,17 847 480,"17,8 million",$257 368 502
127,"SingularityNET
AGIX","$0,210434",-0.2%,3.1%,-19.9%,-14.9%,$37 374 070,1 220 631 811,"1,29 milliard",$256 899 762
128,"Basic Attention
BAT","$0,171075",0.1%,1.0%,-14.6%,-19.7%,$11 898 865,1 489 153 271,"1,5 milliard",$254 788 335
129,"FLEX Coin
FLEX","$2,49",-1.2%,-9.8%,77.2%,239.4%,"$65 709,82",98 664 947,"98,7 million",$248 432 592
130,"NEM
XEM","$0,027383830206",1.0%,4.2%,-9.4%,-15.4%,$6 612 963,8 999 999 999,9 milliard,$246 441 857
131,"Illuvium
ILV","$44,73",-0.3%,-1.2%,-12.2%,-0.4%,$3 381 027,5 420 088,"9,63 million",$242 400 339
132,"Chia
XCH","$31,71",0.0%,0.3%,-3.2%,-13.9%,$1 765 246,7 597 906,"28,6 million",$241 090 650
133,"DeFiChain
DFI","$0,330369",-0.0%,0.3%,-0.9%,-9.8%,$3 649 566,712 439 920,"1,2 milliard",$235 536 667
134,"Huobi BTC
HBTC","$26 167,32",-0.3%,1.1%,1.2%,-3.6%,"$11 127,72",8 969,"8,97 millier",$235 213 551
135,"Oasis Network
ROSE","$0,045583480029",-0.6%,3.5%,-15.3%,-13.2%,$20 091 806,5 029 357 184,10 milliard,$229 814 848
136,"Escoin
ELG","$2,85",0.1%,2.6%,0.4%,0.9%,$384 825,0,250 million,$228 752 259
137,"Holo
HOT","$0,001269453201",-0.0%,1.4%,-15.8%,-24.6%,$7 091 754,177 619 433 541,178 milliard,$225 586 580
138,"Qtum
QTUM","$2,15",-0.2%,1.5%,-12.4%,-15.7%,$12 861 568,104 696 122,108 million,$224 663 397
139,"Euro Tether
EURT","$1,08",-0.1%,0.3%,0.9%,-0.4%,$1 557 379,205 998 830,400 million,$222 630 284
140,"FLOKI
FLOKI","$0,000022252557",-0.0%,2.2%,-20.6%,-37.5%,$13 401 645,9 944 741 613 068,10 billion,$221 272 062
141,"Aleph Zero
AZERO","$0,955670",0.0%,0.8%,-6.3%,-20.6%,$993 812,231 354 502,334 million,$221 028 613
142,"Baby Doge Coin
BABYDOGE","$0,000000001397",0.5%,2.4%,-16.4%,-30.6%,$1 277 037,156 124 856 092 293 492,420 million de milliards,$217 908 819
143,"Zcash
ZEC","$25,46",-0.4%,3.3%,-13.9%,-22.0%,$22 150 765,8 470 822,21 million,$215 626 422
144,"Celo
CELO","$0,423612",-0.2%,-1.1%,-12.0%,-19.5%,$5 820 820,501 730 705,1 milliard,$212 964 283
145,"FINSCHIA
FNSA","$30,43",0.1%,2.0%,-13.8%,-17.5%,"$10 836,59",6 891 493,"6,89 million",$209 617 232
146,"Theta Fuel
TFUEL","$0,032989731112",-0.5%,-0.6%,-15.8%,-24.0%,$2 737 877,6 171 321 610,"6,17 milliard",$203 642 406
147,"Bitcoin Gold
BTG","$11,54",0.5%,1.0%,-6.7%,-13.9%,$916 993,17 513 924,21 million,$202 383 408
148,"Ronin
RON","$0,907010",0.1%,0.7%,-14.2%,-4.2%,$1 470 473,222 313 959,1 milliard,$201 659 680
149,"Kusama
KSM","$22,43",-0.9%,1.3%,-14.3%,-11.2%,$7 652 596,8 980 098,10 million,$201 592 511
150,"Ravencoin
RVN","$0,016791152828",0.3%,3.0%,-12.3%,-18.6%,$6 594 174,11 907 968 089,"11,9 milliard",$199 981 175
151,"Fetch.ai
FET","$0,190188",-0.2%,0.5%,-21.4%,-22.5%,$36 646 642,1 043 462 805,"1,15 milliard",$198 554 607
152,"Ethereum Name Service
ENS","$7,61",0.0%,-0.4%,-17.7%,-26.3%,$13 774 695,25 783 233,100 million,$196 107 087
153,"Olympus
OHM","$10,58",0.0%,-0.4%,0.7%,1.1%,$376 404,18 355 820,"26,6 million",$194 203 470
154,"SXP
SXP","$0,336826",0.1%,5.2%,-17.5%,-21.2%,$42 177 350,567 589 506,568 million,$190 927 295
155,"Compound
COMP","$27,70",-0.5%,3.8%,-16.8%,-19.9%,$17 032 840,6 856 086,10 million,$190 205 141
156,"STEPN
GMT","$0,196779",-0.1%,2.2%,-18.0%,-26.6%,$22 238 771,949 922 497,"5,48 milliard",$187 013 466
157,"Decred
DCR","$12,44",-0.1%,0.9%,-10.7%,-28.2%,$441 493,15 016 239,21 million,$186 852 267
158,"Balancer
BAL","$4,47",-0.4%,-0.5%,-9.7%,-20.0%,$2 547 154,41 550 535,"57,5 million",$185 710 298
159,"yearn.finance
YFI","$5 609,31",0.0%,3.1%,-7.1%,-17.1%,$14 471 105,33 016,"36,7 millier",$185 256 458
160,"Convex CRV
CVXCRV","$0,629375",-0.0%,0.1%,-14.8%,-14.3%,$102 530,292 841 801,293 million,$184 807 081
161,"JUST
JST","$0,020648658582",-0.1%,1.9%,-11.8%,-11.5%,$10 255 499,8 902 080 000,"9,9 milliard",$183 865 953
162,"Audius
AUDIO","$0,173775",-0.2%,1.8%,-20.2%,-26.8%,$5 206 017,1 051 967 676,"1,17 milliard",$182 966 028
163,"cUSDT
CUSDT","$0,018819671414",-,-,-,-,-,9 649 521 700,"9,65 milliard",$181 600 828
164,"ICON
ICX","$0,188524",-0.1%,1.1%,-15.0%,-24.6%,$3 675 818,959 370 093,970 million,$180 915 599
165,"Helium
HNT","$1,26",0.5%,-2.3%,-11.7%,-6.0%,$65 403 928,143 934 821,223 million,$179 236 728
166,"Terra
LUNA","$0,617613",-0.4%,2.3%,-20.6%,-34.2%,$31 383 527,290 195 571,"1,08 milliard",$179 232 450
167,"Krypton DAO
KRD","$1,75",3.3%,-2.3%,-24.3%,-14.9%,"$28 188,20",102 457 125,10 milliard,$179 211 574
168,"WEMIX
WEMIX","$0,687432",6.2%,16.6%,-7.0%,-17.7%,$4 916 837,253 346 073,967 million,$174 089 063
169,"Alchemix USD
ALUSD","$1,00",0.1%,0.0%,0.3%,0.1%,"$11 033,14",171 636 683,172 million,$171 690 262
170,"Golem
GLM","$0,170548",-0.4%,0.6%,-11.4%,-21.8%,$1 488 340,1 000 000 000,1 milliard,$170 762 986
171,"Astar
ASTR","$0,038118736753",0.1%,3.2%,-13.8%,-25.8%,$3 276 310,4 429 332 340,"7,98 milliard",$168 545 254
172,"JasmyCoin
JASMY","$0,003516341145",-0.1%,2.3%,-18.9%,-28.6%,$19 106 526,47 569 999 999,50 milliard,$167 410 021
173,"IoTeX
IOTX","$0,017704115931",0.3%,2.4%,-21.5%,-17.3%,$3 959 155,9 446 707 447,"9,5 milliard",$167 356 011
174,"Ankr Network
ANKR","$0,020412470075",-0.2%,0.7%,-15.1%,-20.1%,$11 973 781,8 162 899 378,10 milliard,$166 696 238
175,"EthereumPoW
ETHW","$1,51",0.2%,1.9%,-13.1%,-26.0%,$9 836 089,107 818 943,108 million,$162 725 282
176,"Bone ShibaSwap
BONE","$0,705684",-0.4%,2.2%,-6.0%,-11.2%,$4 045 106,229 923 351,230 million,$162 578 270
177,"BTSE Token
BTSE","$1,00",0.1%,-16.2%,-38.8%,-50.4%,$1 819 438,162 061 501,200 million,$162 400 262
178,"ECOMI
OMI","$0,000583960891",-0.1%,1.2%,-8.1%,-5.0%,$626 423,270 208 414 532,311 milliard,$157 818 435
179,"Blur
BLUR","$0,316906",-0.8%,-1.8%,-26.9%,-34.4%,$29 866 709,495 096 556,3 milliard,$156 995 510
180,"Magic
MAGIC","$0,708054",-0.2%,2.8%,-19.1%,-16.0%,$22 155 486,216 764 726,340 million,$153 526 118
181,"Gains Farm
GFARM2","$4 209,38",,-1.1%,-6.8%,-12.0%,"$1 358,99",35 833,"35,8 millier",$150 834 570
182,"Bitcoin Avalanche Bridged (BTC.b)
BTC.B","$26 305,09",-0.1%,1.0%,2.1%,-2.4%,$5 566 793,5 696,"5,7 millier",$149 958 074
183,"0x Protocol
ZRX","$0,176039",0.1%,0.8%,-13.8%,-19.6%,$9 761 236,847 496 055,1 milliard,$149 231 192
184,"Ontology
ONT","$0,166815",0.1%,2.3%,-18.6%,-16.4%,$8 009 838,885 082 857,1 milliard,$147 684 347
185,"Moonbeam
GLMR","$0,223129",-0.0%,-2.1%,-15.1%,-23.5%,$3 357 844,660 486 123,"1,07 milliard",$147 425 700
186,"TomoChain
TOMO","$1,52",0.8%,2.0%,19.0%,64.7%,$38 349 641,96 487 500,100 million,$147 014 161
187,"WAX
WAXP","$0,043239977452",-0.2%,1.2%,-12.2%,-22.5%,$2 049 520,3 315 182 540,"3,77 milliard",$143 366 842
188,"Siacoin
SC","$0,002768840187",-0.1%,-1.9%,-8.0%,-19.0%,$5 887 559,51 477 015 000,-,$142 615 774
189,"IOST
IOST","$0,007616957821",0.3%,1.3%,-12.7%,-18.6%,$4 809 532,18 708 894 189,"18,7 milliard",$142 433 648
190,"DAO Maker
DAO","$0,832991",0.5%,2.0%,-15.3%,-41.1%,$874 715,167 102 000,278 million,$139 199 544
191,"Waves
WAVES","$1,39",0.5%,0.8%,-13.3%,-10.9%,$14 747 821,100 000 000,100 million,$138 608 488
192,"sETH2
SETH2","$1 737,24",0.0%,-0.1%,-4.2%,-3.1%,$268 011,78 866,"78,9 millier",$137 008 660
193,"Ocean Protocol
OCEAN","$0,310620",-0.6%,4.8%,-12.0%,-7.6%,$15 540 990,434 026 837,"1,41 milliard",$134 796 606
194,"Harmony
ONE","$0,010936628107",-0.6%,0.6%,-16.7%,-32.9%,$12 985 558,12 305 426 115,"13,2 milliard",$134 621 906
195,"STASIS EURO
EURS","$1,07",0.1%,-0.2%,0.6%,-1.0%,$1 753 588,124 125 940,124 million,$133 253 313
196,"SafePal
SFP","$0,358564",0.1%,0.2%,-8.3%,-9.0%,$2 758 167,369 791 669,500 million,$132 612 327
197,"Kadena
KDA","$0,562782",0.2%,1.4%,-14.9%,-29.5%,$2 565 040,234 959 337,1 milliard,$132 192 609
198,"Tribe
TRIBE","$0,289411",-0.3%,2.4%,2.0%,0.6%,"$72 748,23",455 015 531,1 milliard,$131 886 493
199,"Open Campus
EDU","$0,792245",0.4%,0.6%,-20.0%,-29.5%,$32 157 176,166 197 917,1 milliard,$131 802 403
200,"BORA
BORA","$0,132482",0.0%,1.3%,-8.6%,-14.6%,$856 545,993 750 000,"1,21 milliard",$131 662 492
201,"Band Protocol
BAND","$1,03",-0.2%,-0.8%,-21.4%,-27.7%,$7 785 867,126 540 864,135 million,$130 261 893
202,"Flux
FLUX","$0,426234",-0.0%,3.7%,-11.5%,-13.6%,$6 769 618,297 668 993,440 million,$126 911 883
203,"aelf
ELF","$0,272171",-0.1%,0.7%,-6.8%,-3.4%,$3 274 391,461 329 999,880 million,$125 554 924
204,"Blox
CDT","$0,184813",-12.6%,-14.3%,-8.6%,-26.1%,$127 106,674 579 184,1 milliard,$124 670 770
205,"Wrapped Beacon ETH
WBETH","$1 752,02",-0.4%,-0.2%,-3.5%,-2.9%,$493 659,70 938,"70,9 millier",$124 334 299
206,"Biconomy
BICO","$0,222224",0.1%,2.9%,-13.6%,-28.5%,$1 126 806,556 461 300,1 milliard,$123 705 499
207,"Bitkub Coin
KUB","$1,39",0.5%,1.7%,-7.0%,-10.6%,$276 279,88 850 000,110 million,$123 102 101
208,"LUKSO
LYXE","$7,86",-0.0%,-0.3%,-17.7%,-41.9%,$1 457 848,15 575 916,100 million,$122 428 010
209,"Aragon
ANT","$3,05",0.6%,-2.8%,-9.7%,-1.0%,$7 006 785,40 030 795,"43,2 million",$122 164 706
210,"Gains Network
GNS","$3,92",0.3%,-0.5%,-10.1%,-20.4%,$3 958 648,30 433 317,"30,4 million",$119 442 833
211,"SSV Network
SSV","$16,83",-0.2%,0.5%,-17.1%,-17.8%,$9 194 341,7 085 673,"11,1 million",$119 268 076
212,"Astrafer
ASTRAFER","$0,752600",-0.1%,-2.1%,-17.1%,-28.0%,"$90 508,04",156 553 961,888 million,$117 796 699
213,"Energy Web
EWT","$2,52",0.5%,-2.8%,-7.1%,4.5%,$1 544 698,46 775 719,69 million,$117 718 523
214,"SKALE
SKL","$0,025807477182",-0.4%,2.5%,-15.5%,-18.5%,$5 996 888,4 535 019 337,"5,06 milliard",$117 076 713
215,"BiLira
TRYB","$0,041831039540",-0.7%,0.3%,-8.3%,-8.1%,"$4 336,51",2 793 132 391,"2,79 milliard",$116 870 961
216,"Ribbon Finance
RBN","$0,158788",0.1%,2.2%,-2.6%,7.3%,$284 970,719 603 851,1 milliard,$114 333 601
217,"TerraClassicUSD
USTC","$0,011667775964",-0.2%,8.7%,-7.4%,-23.0%,$7 758 440,9 795 030 956,"9,8 milliard",$114 265 943
218,"Axelar
AXL","$0,390213",-0.3%,0.8%,-8.3%,-28.0%,$16 747 157,290 764 377,"1,07 milliard",$113 474 029
219,"Amp
AMP","$0,002014485174",0.1%,-0.5%,-15.4%,-34.7%,$2 050 764,56 127 938 240,"99,4 milliard",$113 057 947
220,"ORDI
ORDI","$5,38",-0.9%,3.5%,-27.9%,-53.9%,$18 903 688,21 000 000,21 million,$112 991 725
221,"Stargate Finance
STG","$0,552339",-0.2%,1.8%,-10.4%,-8.8%,$11 608 324,204 348 516,1 milliard,$112 888 433
222,"JOE
JOE","$0,330089",-0.6%,-1.4%,-21.1%,2.3%,$11 790 364,341 476 003,476 million,$112 694 825
223,"Hive
HIVE","$0,301443",-0.2%,1.9%,-6.8%,-17.7%,$2 339 264,371 261 454,∞,$112 114 756
224,"UMA
UMA","$1,54",0.4%,1.8%,-13.3%,-33.6%,$8 375 931,72 038 230,114 million,$111 079 144
225,"Sushi
SUSHI","$0,573852",-0.1%,0.8%,-23.8%,-35.5%,$16 518 234,192 789 256,249 million,$110 670 400
226,"SwissBorg
CHSB","$0,114831",3.8%,6.5%,-6.7%,-18.6%,$383 479,951 754 603,1 milliard,$109 045 323
227,"Livepeer
LPT","$3,87",-0.2%,2.6%,-15.0%,-16.0%,$5 225 661,28 123 640,"28,1 million",$108 813 351
228,"DigiByte
DGB","$0,006580164375",0.2%,0.8%,-10.7%,-13.4%,$1 855 156,16 293 451 405,21 milliard,$107 191 865
229,"Synapse
SYN","$0,562077",-0.2%,1.8%,-23.4%,-7.5%,$5 359 818,190 117 589,185 million,$106 903 136
230,"Utility Web3Shot
UW3S","$0,196014",0.0%,0.5%,1.5%,86.5%,"$62 967,28",525 500 000,10 milliard,$103 005 505
231,"Akash Network
AKT","$0,480642",-0.1%,-1.4%,-23.0%,88.3%,$1 278 884,214 082 422,214 million,$102 893 285
232,"inSure DeFi
SURE","$0,003860966083",-3.0%,-3.7%,-7.1%,-42.5%,$236 737,26 464 285 452,88 milliard,$102 236 077
233,"GalleryCoin
GLR","$0,424948",0.3%,-0.0%,-3.4%,-6.0%,"$43 756,81",240 086 500,2 milliard,$102 024 206
234,"Stride
STRD","$1,19",-0.2%,-3.1%,10.8%,-13.6%,"$50 026,72",85 393 926,"85,4 million",$101 606 448
235,"Lisk
LSK","$0,697987",0.0%,1.7%,-11.9%,-18.0%,$757 280,144 818 773,-,$101 092 827
236,"Core
CORE","$0,791994",0.1%,-2.1%,-21.8%,-10.5%,$8 201 283,126 501 365,"2,1 milliard",$100 186 413
237,"Decentralized Social
DESO","$9,39",1.5%,11.8%,0.8%,-1.1%,$561 623,10 532 254,"10,8 million",$98 872 660
238,"Alchemy Pay
ACH","$0,019983876952",-0.1%,0.7%,-17.3%,-10.4%,$15 374 832,4 943 691 067,10 milliard,$98 805 335
239,"Reserve Rights
RSR","$0,001950405871",-0.5%,2.2%,-18.3%,-31.4%,$4 461 802,50 600 000 000,100 milliard,$98 750 384
240,"SafeMoon
SFM","$0,000176693007",-3.1%,2.4%,-6.7%,3.1%,$1 073 285,558 825 361 064,1 billion,$98 708 657
241,"Kujira
KUJI","$0,839545",0.2%,8.4%,-7.5%,29.8%,$202 126,115 115 001,122 million,$96 748 444
242,"CoinEx
CET","$0,032039992942",0.3%,0.7%,-5.1%,-6.9%,$948 640,3 014 920 322,"5,87 milliard",$96 598 026
243,"Nym
NYM","$0,203296",0.1%,0.3%,-2.5%,14.4%,$427 787,471 083 603,1 milliard,$95 839 623
244,"Stella
ALPHA","$0,119769",0.3%,20.5%,11.6%,17.2%,$26 758 705,798 000 000,1 milliard,$95 538 528
245,"Nervos Network
CKB","$0,002847143240",-0.2%,1.8%,-14.2%,-9.5%,$3 099 195,33 340 636 263,∞,$94 977 989
246,"VVS Finance
VVS","$0,000002663030",-0.2%,-2.2%,-8.1%,-16.5%,$443 020,35 580 661 855 218,"72,8 billion",$94 755 778
247,"Dogelon Mars
ELON","$0,000000171658",-0.9%,-2.2%,-12.2%,-21.0%,$1 078 370,549 649 971 723 242,1 million de milliards,$94 399 092
248,"Cartesi
CTSI","$0,127773",0.0%,0.3%,-20.7%,-22.7%,$7 949 637,737 890 426,1 milliard,$94 350 299
249,"Everscale
EVER","$0,052361760996",0.5%,2.5%,1.2%,32.4%,$4 024 888,1 794 648 409,"2,08 milliard",$94 223 193
250,"e-Radix
EXRD","$0,061748638832",0.5%,0.6%,-6.9%,-16.6%,$138 015,1 518 741 582,"1,52 milliard",$93 782 101
251,"Telcoin
TEL","$0,001338654027",0.2%,-1.9%,-10.0%,-26.7%,$602 087,69 774 904 802,100 milliard,$93 401 118
252,"Bitgert
BRISE","$0,000000235619",-0.0%,10.6%,-7.2%,-36.9%,$1 475 177,395 688 215 721 653,427 billion,$93 220 213
253,"Marinade staked SOL
MSOL","$17,25",0.4%,-0.4%,-22.9%,-26.3%,$1 277 896,5 354 038,"5,35 million",$92 378 350
254,"Polymath
POLY","$0,102099",-0.8%,-2.7%,-18.6%,-49.6%,"$93 399,36",898 550 830,1 milliard,$91 905 387
255,"Coinweb
CWEB","$0,029467805187",-0.2%,8.5%,25.0%,3.0%,$414 096,3 097 872 715,"7,65 milliard",$91 341 721
256,"iExec RLC
RLC","$1,25",-0.5%,0.4%,-8.3%,-15.9%,$3 773 409,72 382 548,87 million,$90 672 961
257,"MiL.k Alliance
MLK","$0,313522",0.1%,1.2%,-1.1%,3.8%,$4 336 899,287 912 202,986 million,$90 316 351
258,"Kyber Network Crystal
KNC","$0,491592",0.1%,2.1%,-14.5%,-17.9%,$4 575 240,182 234 771,224 million,$89 675 679
259,"Access Protocol
ACS","$0,002964233939",-0.1%,-0.5%,-16.5%,-28.3%,$1 725 923,30 110 393 953,100 milliard,$89 247 950
260,"Wilder World
WILD","$0,354206",-0.1%,-0.6%,-20.3%,34.7%,$443 763,251 605 816,500 million,$89 117 431
261,"Ergo
ERG","$1,26",-0.2%,0.3%,-0.8%,-12.4%,$357 428,70 319 061,"97,7 million",$88 992 881
262,"Function X
FX","$0,143118",-0.1%,1.7%,-4.7%,-6.3%,$251 300,618 635 000,619 million,$88 514 946
263,"APENFT
NFT","$0,000000319176",0.1%,1.5%,-10.6%,-10.4%,$6 847 406,277 080 562 500 000,1 million de milliards,$88 452 068
264,"Metars Genesis
MRS","$1,38",0.0%,0.5%,1.5%,-2.7%,$103 592,62 850 000,1 milliard,$86 792 347
265,"Constellation
DAG","$0,030096216644",0.2%,-0.6%,2.9%,-20.2%,$365 097,2 874 485 225,"3,55 milliard",$86 510 505
266,"Agoric
BLD","$0,158289",-0.4%,3.8%,11.5%,-9.4%,$536 365,546 618 015,"1,04 milliard",$86 485 781
267,"Syscoin
SYS","$0,121348",0.5%,0.4%,-0.3%,5.0%,$1 002 023,712 004 949,751 million,$86 405 098
268,"Horizen
ZEN","$6,26",-0.3%,4.0%,-13.4%,-24.0%,$3 059 662,13 789 869,"13,8 million",$86 378 448
269,"Pundi X
PUNDIX","$0,332428",-0.0%,0.6%,-10.1%,-16.8%,$2 221 546,258 433 177,258 million,$86 066 198
270,"Radicle
RAD","$1,71",0.5%,9.6%,4.1%,-27.0%,$17 964 796,49 829 111,100 million,$85 339 452
271,"Linear
LINA","$0,015881324443",-0.5%,14.0%,11.1%,67.4%,$235 891 199,5 344 831 013,10 milliard,$85 107 446
272,"Nano
XNO","$0,638615",-0.1%,-2.2%,-21.5%,-10.0%,$535 265,133 248 290,133 million,$85 084 298
273,"Polymesh
POLYX","$0,106817",-0.0%,-0.5%,-17.0%,-29.1%,$7 048 450,792 398 684,792 million,$84 656 961
274,"Celer Network
CELR","$0,014912347029",0.0%,5.9%,-19.4%,-25.7%,$8 949 109,5 645 454 936,10 milliard,$84 297 079
275,"eUSD
EUSD","$1,03",0.1%,-0.0%,1.2%,-0.3%,$185 544,81 442 484,"81,4 million",$83 736 509
276,"API3
API3","$0,972910",-0.2%,1.6%,-14.8%,-26.3%,$2 912 500,85 876 395,125 million,$83 580 579
277,"RSK Infrastructure Framework
RIF","$0,085852394542",-0.9%,4.5%,-17.7%,-34.1%,$1 915 285,973 360 001,1 milliard,$83 461 919
278,"Metis
METIS","$19,06",0.2%,0.1%,-10.2%,-17.5%,$1 781 902,4 354 321,"5,41 million",$82 953 449
279,"SPACE ID
ID","$0,290161",0.5%,5.4%,-22.7%,-41.8%,$43 000 946,286 000 000,2 milliard,$82 832 905
280,"Status
SNT","$0,020755745185",0.2%,0.7%,-8.4%,-14.4%,$1 182 990,3 960 483 788,"6,8 milliard",$82 206 662
281,"Decimal
DEL","$0,020363706461",-2.2%,-3.2%,-8.8%,-27.7%,"$27 465,00",4 011 333 542,"4,01 milliard",$81 876 965
282,"AVINOC
AVINOC","$0,494181",-5.1%,-3.4%,1.5%,-21.9%,"$84 591,94",167 018 564,1 milliard,$81 575 051
283,"Liquity
LQTY","$0,879620",-0.1%,0.8%,-17.5%,-26.9%,$5 838 245,92 456 160,100 million,$81 358 814
284,"BENQI Liquid Staked AVAX
SAVAX","$12,80",-0.0%,2.3%,-16.3%,-21.2%,$343 922,6 292 727,"6,29 million",$80 577 720
285,"Kinesis Silver
KAG","$24,40",0.0%,-0.0%,3.1%,0.9%,"$50 682,96",3 309 307,∞,$80 450 365
286,"OriginTrail
TRAC","$0,209752",-0.1%,1.4%,-18.0%,-29.2%,$1 013 576,382 798 499,500 million,$80 299 451
287,"Ankr Staked ETH
ANKRETH","$1 953,41",0.0%,-0.5%,-3.5%,-2.5%,"$6 041,03",41 057,"41,1 millier",$80 181 719
288,"Murasaki
MURA","$1,38",15.4%,33.0%,23.0%,-1.2%,"$7 946,43",57 400 000,1 milliard,$79 190 784
289,"PlayDapp
PLA","$0,140787",-0.1%,0.5%,-14.2%,-25.0%,$1 663 697,560 128 667,700 million,$78 897 570
290,"Hermez Network
HEZ","$4,72",-0.2%,-2.1%,-1.9%,-3.0%,$182 809,16 706 072,19 million,$78 869 037
291,"Magic Internet Money
MIM","$1,00",0.2%,0.2%,0.4%,0.3%,$577 344,78 503 414,136 million,$78 714 266
292,"Kinesis Gold
KAU","$63,20",-0.0%,-0.3%,0.0%,-2.1%,$128 011,1 242 403,∞,$78 542 607
293,"OMG Network
OMG","$0,554409",-0.5%,-2.1%,-19.8%,-30.5%,$10 634 038,140 245 398,140 million,$77 892 646
294,"Nerve Finance
NRV","$0,004041046932",0.1%,-0.1%,-7.7%,-14.0%,"$9 075,15",0,136 million,$77 747 624
295,"dKargo
DKA","$0,025866612786",0.3%,-0.7%,-9.5%,-17.8%,$364 441,2 996 666 667,5 milliard,$77 528 694
296,"NuCypher
NU","$0,059558203320",-0.0%,-1.3%,-23.1%,-25.5%,"$4 195,36",1 300 289 946,"3,89 milliard",$77 442 933
297,"Numeraire
NMR","$12,28",0.2%,0.4%,-8.6%,-8.4%,$1 390 436,6 258 945,"10,9 million",$77 003 480
298,"Artificial Liquid Intelligence
ALI","$0,021340222013",-0.2%,-2.4%,-18.4%,-2.8%,$2 530 715,3 588 163 660,10 milliard,$76 523 740
299,"MaidSafeCoin
EMAID","$0,168643",0.6%,13.2%,18.7%,-14.5%,"$6 983,18",0,"2,3 million",$76 302 113
300,"Medibloc
MED","$0,010906091808",0.1%,0.8%,-11.9%,-24.1%,$852 062,6 832 129 723,"8,87 milliard",$74 511 924
